source_pdf_page,printed_page,status,retypeset_pdf_page,retypeset_printed_page
1,封面,初校转写,9,ix
2,封底,初校转写,9,ix
3,书名页,初校转写,11,xi
4,版权页,初校转写,11,xi
5,卷首001,初校转写,12,xii
6,卷首002,初校转写,12,xii
7,卷首003,初校转写,14,xiv
8,卷首004,初校转写,15,xv
9,卷首005,初校转写,16,xvi
10,卷首006,初校转写,17,xvii
11,卷首007,初校转写,18,xviii
12,卷首008,初校转写,19,xix
13,卷首009,初校转写,20,xx
14,原书总目录,初校转写,21,xxi
15,001,初校转写,22,1
16,002,初校转写,23,2
17,003,初校转写,23,2
18,004,初校转写,24,3
19,005,初校转写,25,4
20,006,初校转写,26,5
21,007,初校转写,27,6
22,008,初校转写,28,7
23,009,初校转写,29,8
24,010,初校转写,30,9
25,011,初校转写,31,10
26,012,初校转写,32,11
27,013,初校转写,33,12
28,014,初校转写,35,14
29,015,初校转写,36,15
30,016,初校转写,37,16
31,017,初校转写,37,16
32,018,初校转写,38,17
33,019,初校转写,40,19
34,020,初校转写,41,20
35,021,初校转写,42,21
36,022,初校转写,43,22
37,023,初校转写,44,23
38,024,初校转写,45,24
39,025,初校转写,45,24
40,026,初校转写,46,25
41,027,初校转写,47,26
42,028,初校转写,48,27
43,029,初校转写,49,28
44,030,初校转写,50,29
45,031,初校转写,51,30
46,032,初校转写,52,31
47,033,初校转写,53,32
48,034,初校转写,55,34
49,035,初校转写,56,35
50,036,初校转写,57,36
51,037,初校转写,58,37
52,038,初校转写,59,38
53,039,初校转写,60,39
54,040,初校转写,61,40
55,041,初校转写,63,42
56,042,初校转写,64,43
57,043,初校转写,65,44
58,044,初校转写,67,46
59,045,初校转写,68,47
60,046,初校转写,69,48
61,047,初校转写,69,48
62,048,初校转写,71,50
63,049,初校转写,72,51
64,050,初校转写,73,52
65,051,初校转写,74,53
66,052,初校转写,75,54
67,053,初校转写,76,55
68,054,初校转写,77,56
69,055,初校转写,78,57
70,056,初校转写,79,58
71,057,初校转写,80,59
72,058,初校转写,81,60
73,059,初校转写,83,62
74,060,初校转写,84,63
75,061,初校转写,85,64
76,062,初校转写,86,65
77,063,初校转写,87,66
78,064,初校转写,88,67
79,065,初校转写,89,68
80,066,初校转写,90,69
81,067,初校转写,91,70
82,068,初校转写,93,72
83,069,初校转写,94,73
84,070,初校转写,95,74
85,071,初校转写,96,75
86,072,初校转写,97,76
87,073,初校转写,98,77
88,074,初校转写,100,79
89,075,初校转写,101,80
90,076,初校转写,102,81
91,077,初校转写,103,82
92,078,初校转写,104,83
93,079,初校转写,105,84
94,080,初校转写,106,85
95,081,初校转写,107,86
96,082,初校转写,109,88
97,083,初校转写,110,89
98,084,初校转写,111,90
99,085,初校转写,112,91
100,086,初校转写,113,92
101,087,初校转写,114,93
102,088,初校转写,115,94
103,089,初校转写,116,95
104,090,初校转写,117,96
105,091,初校转写,118,97
106,092,初校转写,120,99
107,093,初校转写,121,100
108,094,初校转写,122,101
109,095,初校转写,123,102
110,096,初校转写,125,104
111,097,初校转写,126,105
112,098,初校转写,127,106
113,099,初校转写,128,107
114,100,初校转写,129,108
115,101,初校转写,130,109
116,102,初校转写,131,110
117,103,初校转写,132,111
118,104,初校转写,133,112
119,105,初校转写,134,113
120,106,初校转写,136,115
121,107,初校转写,137,116
122,108,初校转写,138,117
123,109,初校转写,139,118
124,110,初校转写,140,119
125,111,初校转写,141,120
126,112,初校转写,142,121
127,113,初校转写,143,122
128,114,初校转写,144,123
129,115,初校转写,145,124
130,116,初校转写,146,125
131,117,初校转写,147,126
132,118,初校转写,148,127
133,119,初校转写,149,128
134,120,初校转写,150,129
135,121,初校转写,151,130
136,122,初校转写,152,131
137,123,初校转写,153,132
138,124,初校转写,154,133
139,125,初校转写,155,134
140,126,初校转写,156,135
141,127,初校转写,158,137
142,128,初校转写,159,138
143,129,初校转写,160,139
144,130,初校转写,161,140
145,131,初校转写,162,141
146,132,初校转写,163,142
147,133,初校转写,164,143
148,134,初校转写,165,144
149,135,初校转写,166,145
150,136,初校转写,167,146
151,137,初校转写,168,147
152,138,初校转写,169,148
153,139,初校转写,170,149
154,140,初校转写,172,151
155,141,初校转写,173,152
156,142,初校转写,174,153
157,143,初校转写,174,153
158,144,初校转写,176,155
159,145,初校转写,177,156
160,146,初校转写,179,158
161,147,初校转写,179,158
162,148,初校转写,180,159
163,149,初校转写,181,160
164,150,初校转写,183,162
165,151,初校转写,184,163
166,152,初校转写,185,164
167,153,初校转写,185,164
168,154,初校转写,186,165
169,155,初校转写,187,166
170,156,初校转写,189,168
171,157,初校转写,190,169
172,158,初校转写,191,170
173,159,初校转写,192,171
174,160,初校转写,193,172
175,161,初校转写,194,173
176,162,初校转写,195,174
177,163,初校转写,196,175
178,164,初校转写,197,176
179,165,初校转写,199,178
180,166,初校转写,200,179
181,167,初校转写,201,180
182,168,初校转写,202,181
183,169,初校转写,203,182
184,170,初校转写,204,183
185,171,初校转写,205,184
186,172,初校转写,206,185
187,173,初校转写,207,186
188,174,初校转写,208,187
189,175,初校转写,209,188
190,176,初校转写,210,189
191,177,初校转写,211,190
192,178,初校转写,212,191
193,179,初校转写,214,193
194,180,初校转写,215,194
195,181,初校转写,216,195
196,182,初校转写,217,196
197,183,初校转写,218,197
198,184,初校转写,219,198
199,185,初校转写,220,199
200,186,初校转写,221,200
201,187,初校转写,222,201
202,188,初校转写,223,202
203,189,初校转写,225,204
204,190,初校转写,226,205
205,191,初校转写,226,205
206,192,初校转写,227,206
207,193,初校转写,228,207
208,194,初校转写,230,209
209,195,初校转写,231,210
210,196,初校转写,233,212
211,197,初校转写,234,213
212,198,初校转写,235,214
213,199,初校转写,236,215
214,200,初校转写,237,216
215,201,初校转写,239,218
216,202,初校转写,239,218
217,203,初校转写,240,219
218,204,初校转写,242,221
219,205,初校转写,243,222
220,206,初校转写,243,222
221,207,初校转写,244,223
222,208,初校转写,246,225
223,209,初校转写,247,226
224,210,初校转写,248,227
225,211,初校转写,249,228
226,212,初校转写,250,229
227,213,初校转写,251,230
228,214,初校转写,252,231
229,215,初校转写,253,232
230,216,初校转写,254,233
231,217,初校转写,255,234
232,218,初校转写,256,235
233,219,初校转写,257,236
234,220,初校转写,258,237
235,221,初校转写,260,239
236,222,初校转写,261,240
237,223,初校转写,262,241
238,224,初校转写,263,242
239,225,初校转写,264,243
240,226,初校转写,265,244
241,227,初校转写,265,244
242,228,初校转写,266,245
243,229,初校转写,267,246
244,230,初校转写,268,247
245,231,初校转写,269,248
246,232,初校转写,270,249
247,233,初校转写,272,251
248,234,初校转写,273,252
249,235,初校转写,274,253
250,236,初校转写,275,254
251,237,初校转写,276,255
252,238,初校转写,277,256
253,239,初校转写,278,257
254,240,初校转写,279,258
255,241,初校转写,280,259
256,242,初校转写,281,260
257,243,初校转写,282,261
258,244,初校转写,283,262
259,245,初校转写,284,263
260,246,初校转写,285,264
261,247,初校转写,286,265
262,248,初校转写,287,266
263,249,初校转写,288,267
264,250,初校转写,289,268
265,251,初校转写,290,269
266,252,初校转写,291,270
267,253,初校转写,292,271
268,254,初校转写,294,273
269,255,初校转写,295,274
270,256,初校转写,296,275
271,257,初校转写,297,276
272,258,初校转写,298,277
273,259,初校转写,299,278
274,260,初校转写,300,279
275,261,初校转写,301,280
276,262,初校转写,302,281
277,263,初校转写,303,282
278,264,初校转写,304,283
279,265,初校转写,306,285
280,266,初校转写,308,287
281,267,初校转写,309,288
282,268,初校转写,310,289
283,269,初校转写,312,291
284,270,初校转写,313,292
285,271,初校转写,314,293
286,272,初校转写,315,294
287,273,初校转写,316,295
288,274,初校转写,317,296
289,275,初校转写,318,297
290,276,初校转写,319,298
291,277,初校转写,320,299
292,278,初校转写,321,300
293,279,初校转写,322,301
294,280,初校转写,323,302
295,281,初校转写,324,303
296,282,初校转写,325,304
297,283,初校转写,326,305
298,284,初校转写,326,305
299,285,初校转写,328,307
300,286,初校转写,329,308
301,287,初校转写,330,309
302,288,初校转写,331,310
303,289,初校转写,332,311
304,290,初校转写,333,312
305,291,初校转写,335,314
306,292,初校转写,336,315
307,293,初校转写,337,316
308,294,初校转写,338,317
309,295,初校转写,339,318
310,296,初校转写,340,319
311,297,初校转写,341,320
312,298,初校转写,342,321
313,299,初校转写,343,322
314,300,初校转写,344,323
315,301,初校转写,345,324
316,302,初校转写,346,325
317,303,初校转写,348,327
318,304,初校转写,349,328
319,305,初校转写,350,329
320,306,初校转写,350,329
321,307,初校转写,351,330
322,308,初校转写,352,331
323,309,初校转写,353,332
324,310,初校转写,354,333
325,311,初校转写,355,334
326,312,初校转写,356,335
327,313,初校转写,357,336
328,314,初校转写,358,337
329,315,初校转写,359,338
330,316,初校转写,361,340
331,317,初校转写,362,341
332,318,初校转写,363,342
333,319,初校转写,364,343
334,320,初校转写,366,345
335,321,初校转写,367,346
336,322,初校转写,368,347
337,323,初校转写,369,348
338,324,初校转写,370,349
339,325,初校转写,372,351
340,326,初校转写,373,352
341,327,初校转写,374,353
342,328,初校转写,375,354
343,329,初校转写,376,355
344,330,初校转写,377,356
345,331,初校转写,378,357
346,332,初校转写,379,358
347,333,初校转写,380,359
348,334,初校转写,381,360
349,335,初校转写,383,362
350,336,初校转写,384,363
351,337,初校转写,385,364
352,338,初校转写,386,365
353,339,初校转写,386,365
354,340,初校转写,387,366
355,341,初校转写,388,367
356,342,初校转写,389,368
357,343,初校转写,390,369
358,344,初校转写,391,370
359,345,初校转写,392,371
360,346,初校转写,394,373
361,347,初校转写,395,374
362,348,初校转写,396,375
363,349,初校转写,397,376
364,350,初校转写,398,377
365,351,初校转写,399,378
366,352,初校转写,400,379
367,353,初校转写,401,380
368,354,初校转写,402,381
369,355,初校转写,403,382
370,356,初校转写,404,383
371,357,初校转写,405,384
372,358,初校转写,406,385
373,359,初校转写,408,387
374,360,初校转写,409,388
375,361,初校转写,410,389
376,362,初校转写,411,390
377,363,初校转写,412,391
378,364,初校转写,413,392
379,365,初校转写,414,393
380,366,初校转写,415,394
381,367,初校转写,417,396
382,368,初校转写,418,397
383,369,初校转写,419,398
384,370,初校转写,420,399
385,371,初校转写,421,400
386,372,初校转写,422,401
387,373,初校转写,423,402
388,374,初校转写,425,404
389,375,初校转写,426,405
390,376,初校转写,427,406
391,377,初校转写,427,406
392,378,初校转写,428,407
393,379,初校转写,429,408
394,380,初校转写,430,409
395,381,初校转写,431,410
396,382,初校转写,432,411
397,383,初校转写,433,412
398,384,初校转写,434,413
399,385,初校转写,435,414
400,386,初校转写,436,415
401,387,初校转写,437,416
402,388,初校转写,438,417
403,389,初校转写,440,419
404,390,初校转写,441,420
405,391,初校转写,442,421
406,392,初校转写,443,422
407,393,初校转写,443,422
408,394,初校转写,445,424
409,395,初校转写,446,425
410,396,初校转写,447,426
411,397,初校转写,448,427
412,398,初校转写,448,427
413,399,初校转写,449,428
414,400,初校转写,450,429
415,401,初校转写,451,430
416,402,初校转写,452,431
417,403,初校转写,453,432
418,404,初校转写,454,433
419,405,初校转写,456,435
420,406,初校转写,457,436
421,407,初校转写,458,437
422,408,初校转写,458,437
423,409,初校转写,458,437
424,410,初校转写,459,438
425,411,初校转写,461,440
426,412,初校转写,462,441
427,413,初校转写,462,441
428,414,初校转写,462,441
429,415,初校转写,464,443
430,416,初校转写,465,444
431,417,初校转写,466,445
432,418,初校转写,467,446
433,419,初校转写,468,447
434,420,初校转写,469,448
435,421,初校转写,470,449
436,422,初校转写,471,450
437,423,初校转写,471,450
438,424,初校转写,473,452
439,425,初校转写,474,453
440,426,初校转写,475,454
441,427,初校转写,476,455
442,428,初校转写,477,456
443,429,初校转写,478,457
444,430,初校转写,479,458
445,431,初校转写,480,459
446,432,初校转写,481,460
447,433,初校转写,482,461
448,434,初校转写,484,463
449,435,初校转写,485,464
450,436,初校转写,486,465
451,437,初校转写,487,466
452,438,初校转写,488,467
453,439,初校转写,489,468
454,440,初校转写,490,469
455,441,初校转写,491,470
456,442,初校转写,493,472
457,443,初校转写,494,473
458,444,初校转写,495,474
459,445,初校转写,496,475
460,446,初校转写,496,475
461,447,初校转写,497,476
462,448,初校转写,498,477
463,449,初校转写,499,478
464,450,初校转写,501,480
465,451,初校转写,501,480
466,452,初校转写,502,481
467,453,初校转写,504,483
468,454,初校转写,504,483
469,455,初校转写,506,485
470,456,初校转写,507,486
471,457,初校转写,507,486
472,458,初校转写,508,487
473,459,初校转写,509,488
474,460,初校转写,509,488
475,461,初校转写,511,490
476,462,初校转写,512,491
477,463,初校转写,513,492
478,464,初校转写,515,494
479,465,初校转写,516,495
480,466,初校转写,517,496
481,467,初校转写,518,497
482,468,初校转写,519,498
483,469,初校转写,520,499
484,470,初校转写,521,500
485,471,初校转写,522,501
486,472,初校转写,523,502
487,473,初校转写,524,503
488,474,初校转写,525,504
489,475,初校转写,526,505
490,476,初校转写,527,506
491,477,初校转写,528,507
492,478,初校转写,529,508
493,479,初校转写,530,509
494,480,初校转写,532,511
495,481,初校转写,532,511
496,482,初校转写,534,513
497,483,初校转写,535,514
498,484,初校转写,536,515
499,485,初校转写,537,516
500,486,初校转写,538,517
501,487,初校转写,538,517
502,488,初校转写,539,518
503,489,初校转写,539,518
504,490,初校转写,540,519
505,491,初校转写,541,520
506,492,初校转写,542,521
507,493,初校转写,543,522
508,494,初校转写,544,523
509,495,初校转写,545,524
510,496,初校转写,546,525
511,497,初校转写,547,526
512,498,初校转写,548,527
513,499,初校转写,549,528
514,500,初校转写,550,529
515,501,初校转写,551,530
516,502,初校转写,552,531
517,503,初校转写,553,532
518,504,初校转写,554,533
519,505,初校转写,555,534
520,506,初校转写,556,535
521,507,初校转写,557,536
522,508,初校转写,558,537
523,509,初校转写,559,538
524,510,初校转写,560,539
525,511,初校转写,561,540
526,512,初校转写,562,541
527,513,初校转写,563,542
528,514,初校转写,564,543
529,515,初校转写,565,544
530,516,初校转写,566,545
531,517,初校转写,566,545
532,518,初校转写,567,546
533,519,初校转写,568,547
534,520,初校转写,569,548
535,521,初校转写,570,549
536,522,初校转写,571,550
537,523,初校转写,573,552
538,524,初校转写,574,553
539,525,初校转写,575,554
540,526,初校转写,576,555
541,527,初校转写,577,556
542,528,初校转写,578,557
543,529,初校转写,579,558
544,530,初校转写,580,559
545,531,初校转写,581,560
546,532,初校转写,583,562
